{"offline_id": "adf5eb30589e4f9789b672d137df2939", "project_name": "yolov5", "start_time": 1719135365535, "stop_time": 1719135371432, "tags": [], "workspace": null, "resume_strategy": "create", "customer_error_reported": true, "customer_error_message": "Unexpected error detected in the user script: AssertionError('\\x1b[34m\\x1b[1mtrain: \\x1b[0mNo labels found in /home/sub/kaist-rgbt/train.cache, can not start training. See https://docs.ultralytics.com/yolov5/tutorials/train_custom_data')", "user_provided_experiment_key": false, "comet_start_sourced": false}