{"offline_id": "c9e0f33220e34dd9b1567d92c80686b3", "project_name": "yolov5", "start_time": 1719127171465, "stop_time": 1719127177347, "tags": [], "workspace": null, "resume_strategy": "create", "customer_error_reported": true, "customer_error_message": "Unexpected error detected in the user script: AssertionError('\\x1b[34m\\x1b[1mtrain: \\x1b[0mNo labels found in /home/sub/kaist-rgbt/train.cache, can not start training. See https://docs.ultralytics.com/yolov5/tutorials/train_custom_data')", "user_provided_experiment_key": false, "comet_start_sourced": false}